{
    "data": [
        {
            "alt": 11232.723333333333,
            "Mach": 0.46631297568480173,
            "TRA": 77.93616381327311,
            "T2": 499.4271993307067,
            "T24": 597.4316278993895,
            "T30": 1433.1934792655031,
            "T48": 1812.9871746475746,
            "T50": 1221.3179555693464,
            "P15": 15.276443349875432,
            "P2": 11.160192321851317,
            "P21": 15.509079543020755,
            "P24": 19.497259931350946,
            "Ps30": 321.4541201749575,
            "P40": 326.61349442250025,
            "P50": 12.119224496040358,
            "Nf": 2163.894106372574,
            "Nc": 8574.320839032911,
            "Wf": 3.736963274994671,
            "T40": 2790.2876388377267,
            "P30": 342.00365908115236,
            "P45": 60.94931157595957,
            "W21": 2355.346713713548,
            "W22": 222.11019162224832,
            "W25": 222.11011762483867,
            "W31": 25.745507644434074,
            "W32": 15.447304586660438,
            "W48": 209.7010773417488,
            "W50": 221.91712952018176,
            "SmFan": 16.816921044395563,
            "SmLPC": 9.828378554568044,
            "SmHPC": 25.35287563894261,
            "phi": 41.848948800547895
        },
        {
            "alt": 13408.653333333334,
            "Mach": 0.48565649588902793,
            "TRA": 78.9000242360433,
            "T2": 493.0656137124189,
            "T24": 590.5507651892489,
            "T30": 1418.7055884738722,
            "T48": 1795.0431685356252,
            "T50": 1205.1466903260578,
            "P15": 14.22116686593009,
            "P2": 10.367926013490974,
            "P21": 14.437732858812279,
            "P24": 18.18713046818446,
            "Ps30": 300.3370563872515,
            "P40": 305.1473457352332,
            "P50": 11.193799048996665,
            "Nf": 2158.749451989125,
            "Nc": 8528.30772719627,
            "Wf": 3.47049089141952,
            "T40": 2764.853138867338,
            "P30": 319.5260164766841,
            "P45": 56.94390526628915,
            "W21": 2215.04850194227,
            "W22": 208.7797151215269,
            "W25": 208.77955258939565,
            "W31": 24.170834649622364,
            "W32": 14.50250078977343,
            "W48": 196.83722326673205,
            "W50": 208.3200957300851,
            "SmFan": 17.001838506636872,
            "SmLPC": 9.814327984230403,
            "SmHPC": 25.414812136510168,
            "phi": 41.597969674987226
        }
    ]
}
